stock,date,value,title,url,source,explanation
AAPL,2025-04-09,15.33,Apple Stock Surges Amid Market Volatility,https://en.wikipedia.org/wiki/2025_stock_market_crash,Wikipedia,"On April 9, 2025, Apple Inc. (AAPL) experienced a significant stock price increase of 15.33%. This surge occurred in the context of a highly volatile market influenced by recent trade policies. On April 2, 2025, President Trump announced sweeping tariffs, leading to a global stock market downturn. However, on April 9, the administration paused some of these tariffs, prompting a market rebound. Apple's stock benefited from this positive shift, as the company had recently launched several new products, including a new iPhone model, iPads, and MacBooks. Despite the broader market turbulence, Apple's rapid product releases and the temporary easing of trade tensions contributed to the notable uptick in its stock price."
AAPL,2020-03-16,-12.86,Apple's Stock Plunges Amid Global Market Turmoil and Store Closures,https://9to5mac.com/2020/03/16/aapl-shares-fall-12-at-stock-market-open-as-apple-closes-retail-stores-due-to-coronavirus-concerns/,9to5Mac,"On March 16, 2020, Apple's stock (AAPL) experienced a significant decline of 12.86%. This sharp drop can be attributed to several interrelated factors:

1. **Global Market Volatility Due to COVID-19 Pandemic**: The rapid spread of the coronavirus led to widespread economic uncertainty and market instability. Investors were concerned about the potential for a global recession as countries implemented lockdowns and other restrictive measures to curb the virus's spread. This broader market turmoil had a cascading effect on individual stocks, including Apple. ([macrumors.com](https://www.macrumors.com/2020/03/16/aapl-down-25-percent-since-feb-12/?utm_source=openai))

2. **Temporary Closure of Apple Retail Stores**: In response to the escalating pandemic, Apple announced the closure of all its retail stores outside of Greater China until March 27, 2020. This decision was made to protect customers and employees but also raised concerns about potential revenue losses due to decreased sales during the closure period. ([axios.com](https://www.axios.com/2020/03/14/apple-closing-non-china-stores-coronavirus?utm_source=openai))

3. **Supply Chain Disruptions**: The pandemic caused significant disruptions in global supply chains, particularly in China, where many of Apple's suppliers and manufacturing facilities are located. These disruptions raised concerns about potential delays in product availability and the company's ability to meet consumer demand. ([bloomberg.com](https://www.bloomberg.com/news/articles/2020-02-18/apple-shares-drop-after-virus-warning-rattles-tech-investors?utm_source=openai))

4. **Decline in Consumer Demand**: With increasing economic uncertainty and widespread lockdowns, consumer spending on non-essential items, including electronics, was expected to decline. This anticipated reduction in demand further contributed to the negative sentiment surrounding Apple's stock.

Collectively, these factors created a challenging environment for Apple, leading to the substantial drop in its stock price on March 16, 2020."
AAPL,2020-03-13,11.98,Apple Stock Rebounds Amid Store Reopenings and Positive Analyst Outlook,https://www.nasdaq.com/articles/why-apple-stock-jumped-today-2020-03-13,Nasdaq,"On March 13, 2020, Apple Inc. (AAPL) experienced a significant stock price increase of 11.98%. This surge can be attributed to several key developments. Firstly, Apple announced the reopening of all 42 of its retail stores in China, signaling a recovery in one of its major markets. Additionally, the company confirmed that its annual Worldwide Developers Conference (WWDC) would proceed in June as an online event, demonstrating adaptability amid the COVID-19 pandemic. Furthermore, a Wall Street analyst issued a 'buy' recommendation for Apple shares, reflecting confidence in the company's resilience and future prospects. These factors collectively contributed to the positive market sentiment and the notable rise in Apple's stock price on that date."
AAPL,2020-07-31,10.47,Apple Reports Record Q3 2020 Results and Announces 4-for-1 Stock Split,https://www.apple.com/li/newsroom/2020/07/apple-reports-third-quarter-results/,Apple Newsroom,"On July 30, 2020, Apple announced its fiscal third-quarter results, reporting an 11% year-over-year increase in revenue to $59.7 billion and an 18% rise in earnings per share to $2.58. The company also declared a 4-for-1 stock split to make shares more accessible to a broader range of investors. These strong financial results and the stock split announcement likely contributed to the significant 10.47% increase in AAPL's stock price on July 31, 2020."
AAPL,2020-03-24,10.03,Apple's Stock Rebounds Amid Market Optimism,https://www.nasdaq.com/articles/why-apple-stock-jumped-today-2020-03-13,Nasdaq,"On March 13, 2020, Apple announced the reopening of all 42 of its stores in China, signaling a recovery in one of its key markets. This positive development, coupled with broader market optimism and expectations of monetary stimulus from central banks, likely contributed to the significant rebound in Apple's stock price on March 24, 2020."
